user_id,KC5,KC4,KC2,KC1,KC7,KC8,KC3,KC6
2111,Revisit by myself (weekly),Revisit by myself (monthly),Only when notified by course convener,Only when notified by course convener,Only when notified by course convener,Revisit by myself (weekly),Only when notified by course convener,Revisit by myself (monthly)
1946,Revisit by myself (weekly),Revisit by myself (weekly),Revisit by myself (weekly),Revisit by myself (weekly),Revisit by myself (weekly),Revisit by myself (weekly),Revisit by myself (weekly),Revisit by myself (weekly)
2357,Revisit by myself (monthly),Revisit by myself (monthly),Revisit by myself (weekly),Revisit by myself (weekly),Revisit based on activity (if I see it in quiz),Revisit based on activity (if it is related to my assessment),Revisit by myself (weekly),Revisit by myself (weekly)
1695,Revisit by myself (weekly),Revisit by myself (weekly),Revisit based on activity (if it is related to my assessment),Only when notified by course convener,Revisit based on activity (if it is related to my assessment),Revisit based on activity (if it is related to my assessment),Revisit based on activity (if it is related to my assessment),Revisit based on activity (if it is related to my assessment)
2485,Revisit by myself (weekly),Revisit based on activity (if I see it in quiz),Revisit by myself (weekly),Revisit by myself (weekly),Revisit by myself (monthly),Revisit by myself (weekly),Revisit based on activity (if it is related to my assessment),Revisit based on activity (if I see it in quiz)
1960,Revisit by myself (weekly),Revisit by myself (weekly),Revisit by myself (weekly),Revisit by myself (weekly),Revisit by myself (weekly),Revisit by myself (weekly),Revisit by myself (weekly),Revisit by myself (weekly)
1712,Revisit based on activity (if it is related to my assessment),Revisit based on activity (if I see it in quiz),Revisit based on activity (if it is mentioned in lectures or labs),Revisit by myself (monthly),Revisit based on activity (if it is mentioned in lectures or labs),Revisit based on activity (if it is mentioned in lectures or labs),Revisit based on activity (if it is related to my assessment),Revisit based on activity (if it is related to my assessment)
2104,Revisit based on activity (if it is related to my assessment),Revisit based on activity (if it is related to my assessment),Revisit based on activity (if it is related to my assessment),Revisit based on activity (if it is related to my assessment),Revisit based on activity (if it is related to my assessment),Revisit based on activity (if it is related to my assessment),Revisit based on activity (if it is related to my assessment),Revisit based on activity (if it is related to my assessment)
2261,Revisit based on activity (if I see it in quiz),Revisit by myself (monthly),Revisit by myself (monthly),Revisit by myself (monthly),Never,Never,Never,Never
2167,Revisit based on activity (if it is related to my assessment),Revisit by myself (monthly),Revisit based on activity (if it is related to my assessment),Revisit by myself (weekly),Revisit based on activity (if it is related to my assessment),Revisit based on activity (if it is related to my assessment),Revisit based on activity (if it is related to my assessment),Revisit based on activity (if it is related to my assessment)
1964,Revisit based on activity (if it is related to my assessment),Revisit by myself (monthly),Revisit based on activity (if it is related to my assessment),Revisit by myself (weekly),Revisit based on activity (if it is related to my assessment),Revisit based on activity (if it is related to my assessment),Revisit based on activity (if it is related to my assessment),Revisit based on activity (if it is related to my assessment)
2072,Only when notified by course convener,Only when notified by course convener,Only when notified by course convener,Only when notified by course convener,Only when notified by course convener,Only when notified by course convener,Only when notified by course convener,Only when notified by course convener
1396,Revisit based on activity (if it is related to my assessment),Revisit based on activity (if it is mentioned in lectures or labs),Revisit based on activity (if I see it in quiz),Revisit by myself (weekly),Revisit by myself (monthly),Revisit by myself (weekly),Revisit based on activity (if it is mentioned in lectures or labs),Revisit based on activity (if it is mentioned in lectures or labs)
2184,Revisit based on activity (if I see it in quiz),Revisit based on activity (if it is related to my assessment),Revisit by myself (weekly),Revisit by myself (weekly),Revisit by myself (weekly),Revisit by myself (weekly),Revisit by myself (weekly),Revisit based on activity (if it is related to my assessment)
2629,Revisit based on activity (if I see it in quiz),Revisit based on activity (if it is related to my assessment),Revisit by myself (monthly),Revisit based on activity (if I see it in quiz),Revisit based on activity (if it is related to my assessment),Revisit by myself (monthly),Only when notified by course convener,Never
2904,Revisit by myself (weekly),Only when notified by course convener,Revisit based on activity (if it is mentioned in lectures or labs),Revisit by myself (weekly),Revisit by myself (weekly),Revisit by myself (weekly),Never,Revisit based on activity (if it is related to my assessment)
2208,Revisit based on activity (if it is related to my assessment),Revisit based on activity (if it is mentioned in lectures or labs),Revisit based on activity (if it is related to my assessment),Others,Revisit based on activity (if it is mentioned in lectures or labs),Revisit based on activity (if it is mentioned in lectures or labs),Revisit based on activity (if it is related to my assessment),Revisit based on activity (if it is related to my assessment)
1895,Revisit based on activity (if it is related to my assessment),Revisit based on activity (if it is related to my assessment),Revisit based on activity (if it is related to my assessment),Revisit based on activity (if it is related to my assessment),Revisit based on activity (if it is related to my assessment),Revisit by myself (monthly),Revisit by myself (monthly),Revisit by myself (monthly)
2279,Revisit by myself (weekly),Revisit based on activity (if it is mentioned in lectures or labs),Revisit based on activity (if it is mentioned in lectures or labs),Revisit based on activity (if it is mentioned in lectures or labs),Revisit based on activity (if it is related to my assessment),Revisit based on activity (if it is related to my assessment),Revisit based on activity (if it is related to my assessment),Revisit based on activity (if it is mentioned in lectures or labs)
1229,,,,,,,,
2381,Revisit based on activity (if it is related to my assessment),Revisit based on activity (if it is related to my assessment),Revisit based on activity (if it is mentioned in lectures or labs),Never,Never,Never,Revisit based on activity (if it is related to my assessment),Revisit based on activity (if it is related to my assessment)
1903,Revisit based on activity (if it is related to my assessment),Revisit based on activity (if I see it in quiz),Revisit based on activity (if it is related to my assessment),Revisit based on activity (if it is related to my assessment),Revisit based on activity (if it is mentioned in lectures or labs),Revisit based on activity (if it is mentioned in lectures or labs),Revisit based on activity (if it is related to my assessment),Revisit based on activity (if I see it in quiz)
2336,,,,,,,,
1660,Revisit based on activity (if it is related to my assessment),Revisit based on activity (if it is related to my assessment),Revisit based on activity (if it is related to my assessment),Revisit based on activity (if it is related to my assessment),Revisit based on activity (if it is related to my assessment),Revisit based on activity (if it is related to my assessment),Revisit based on activity (if it is related to my assessment),Revisit based on activity (if it is related to my assessment)
2271,Revisit based on activity (if it is related to my assessment),Revisit based on activity (if it is mentioned in lectures or labs),Revisit based on activity (if I see it in quiz),Revisit based on activity (if it is mentioned in lectures or labs),Revisit based on activity (if it is mentioned in lectures or labs),Revisit based on activity (if it is related to my assessment),Revisit based on activity (if it is mentioned in lectures or labs),Revisit based on activity (if it is related to my assessment)
2168,Revisit based on activity (if it is mentioned in lectures or labs),Revisit by myself (weekly),Revisit based on activity (if it is related to my assessment),Revisit based on activity (if it is related to my assessment),Revisit by myself (weekly),Revisit based on activity (if I see it in quiz),Only when notified by course convener,Revisit based on activity (if it is mentioned in lectures or labs)
2257,Revisit based on activity (if it is mentioned in lectures or labs),Revisit by myself (monthly),Revisit by myself (monthly),Revisit based on activity (if it is mentioned in lectures or labs),Revisit based on activity (if it is related to my assessment),Revisit by myself (weekly),Revisit based on activity (if I see it in quiz),Only when notified by course convener
1714,,,,,,,,
1891,Revisit based on activity (if it is related to my assessment),Revisit based on activity (if it is related to my assessment),Revisit based on activity (if it is related to my assessment),Revisit based on activity (if it is related to my assessment),Revisit based on activity (if it is related to my assessment),Revisit based on activity (if it is related to my assessment),Revisit based on activity (if it is related to my assessment),Revisit based on activity (if it is related to my assessment)
2076,Revisit based on activity (if it is related to my assessment),Never,Revisit by myself (weekly),Revisit based on activity (if I see it in quiz),Revisit based on activity (if it is mentioned in lectures or labs),Revisit based on activity (if it is related to my assessment),Only when notified by course convener,Revisit by myself (monthly)
2766,Revisit by myself (weekly),Revisit by myself (monthly),Revisit by myself (monthly),Revisit by myself (weekly),Revisit based on activity (if it is related to my assessment),Revisit based on activity (if it is related to my assessment),Only when notified by course convener,Revisit based on activity (if it is related to my assessment)
1636,,,,,,,,
2424,,,,,,,,
1408,Revisit based on activity (if it is related to my assessment),Revisit based on activity (if I see it in quiz),Revisit by myself (monthly),Revisit by myself (weekly),Only when notified by course convener,Revisit by myself (weekly),Never,Revisit based on activity (if it is mentioned in lectures or labs)
2080,Revisit based on activity (if it is related to my assessment),Revisit by myself (weekly),Revisit based on activity (if it is mentioned in lectures or labs),Never,Revisit by myself (monthly),Never,Revisit based on activity (if it is mentioned in lectures or labs),Revisit based on activity (if it is related to my assessment)
1304,Revisit based on activity (if I see it in quiz),Revisit based on activity (if I see it in quiz),Revisit based on activity (if I see it in quiz),Never,Revisit based on activity (if it is related to my assessment),Revisit based on activity (if it is related to my assessment),Revisit based on activity (if I see it in quiz),Revisit based on activity (if it is related to my assessment)
1927,Only when notified by course convener,Revisit based on activity (if it is mentioned in lectures or labs),Never,Never,Revisit based on activity (if I see it in quiz),Revisit based on activity (if I see it in quiz),Never,Revisit based on activity (if I see it in quiz)
1771,Revisit based on activity (if I see it in quiz),Revisit based on activity (if it is mentioned in lectures or labs),Revisit based on activity (if it is related to my assessment),Others,Only when notified by course convener,Revisit based on activity (if it is related to my assessment),Revisit based on activity (if it is mentioned in lectures or labs),Revisit based on activity (if it is related to my assessment)
2090,Revisit based on activity (if it is related to my assessment),Revisit by myself (weekly),Revisit based on activity (if it is related to my assessment),Revisit by myself (monthly),Revisit based on activity (if it is related to my assessment),Revisit based on activity (if it is mentioned in lectures or labs),Revisit based on activity (if it is mentioned in lectures or labs),Revisit based on activity (if it is related to my assessment)
1944,Revisit by myself (weekly),Revisit based on activity (if it is related to my assessment),Revisit based on activity (if it is mentioned in lectures or labs),Revisit by myself (weekly),Revisit based on activity (if it is mentioned in lectures or labs),Revisit based on activity (if it is related to my assessment),Revisit based on activity (if it is related to my assessment),Revisit based on activity (if it is related to my assessment)
1634,Revisit based on activity (if it is related to my assessment),Revisit by myself (weekly),Revisit by myself (monthly),Revisit based on activity (if it is mentioned in lectures or labs),Revisit based on activity (if it is related to my assessment),Never,Revisit by myself (weekly),Revisit based on activity (if I see it in quiz)
1575,Revisit based on activity (if it is mentioned in lectures or labs),Revisit based on activity (if it is related to my assessment),Never,Revisit based on activity (if it is related to my assessment),Revisit based on activity (if it is mentioned in lectures or labs),Revisit based on activity (if it is mentioned in lectures or labs),Others,Revisit based on activity (if I see it in quiz)
2444,,,,,,,,
2027,Revisit based on activity (if I see it in quiz),Revisit based on activity (if it is mentioned in lectures or labs),Revisit based on activity (if I see it in quiz),Revisit based on activity (if it is mentioned in lectures or labs),Revisit based on activity (if it is mentioned in lectures or labs),Revisit by myself (weekly),Revisit based on activity (if I see it in quiz),Revisit based on activity (if it is mentioned in lectures or labs)
2650,Revisit based on activity (if it is mentioned in lectures or labs),Revisit based on activity (if it is related to my assessment),Revisit by myself (weekly),Revisit by myself (monthly),Only when notified by course convener,Never,Revisit based on activity (if it is mentioned in lectures or labs),Revisit based on activity (if I see it in quiz)
1147,Revisit based on activity (if I see it in quiz),,,Only when notified by course convener,Revisit based on activity (if it is mentioned in lectures or labs),,Revisit by myself (weekly),
2084,Revisit based on activity (if it is mentioned in lectures or labs),Revisit based on activity (if it is mentioned in lectures or labs),Revisit by myself (monthly),Revisit by myself (weekly),Revisit by myself (monthly),Revisit by myself (weekly),Revisit by myself (weekly),Revisit based on activity (if it is mentioned in lectures or labs)
1471,Revisit based on activity (if it is related to my assessment),Revisit based on activity (if it is mentioned in lectures or labs),Revisit based on activity (if it is related to my assessment),Revisit based on activity (if I see it in quiz),Revisit based on activity (if it is mentioned in lectures or labs),Revisit by myself (monthly),Revisit by myself (monthly),Revisit based on activity (if it is related to my assessment)
3020,Revisit based on activity (if it is related to my assessment),Revisit by myself (weekly),Revisit based on activity (if it is mentioned in lectures or labs),Revisit by myself (weekly),Revisit based on activity (if it is related to my assessment),Revisit based on activity (if it is related to my assessment),Revisit based on activity (if it is mentioned in lectures or labs),Revisit based on activity (if it is related to my assessment)
1789,Revisit based on activity (if it is mentioned in lectures or labs),Revisit based on activity (if it is mentioned in lectures or labs),Revisit based on activity (if it is related to my assessment),Others,Revisit based on activity (if it is mentioned in lectures or labs),Others,Revisit based on activity (if it is mentioned in lectures or labs),Revisit based on activity (if it is mentioned in lectures or labs)
1940,Revisit based on activity (if I see it in quiz),Revisit by myself (monthly),Revisit by myself (monthly),Revisit based on activity (if I see it in quiz),Revisit based on activity (if I see it in quiz),Revisit based on activity (if I see it in quiz),Revisit by myself (monthly),Revisit based on activity (if I see it in quiz)
1860,Revisit by myself (weekly),Revisit by myself (weekly),Revisit by myself (weekly),Revisit by myself (weekly),Revisit by myself (weekly),Revisit by myself (weekly),Revisit by myself (weekly),Revisit by myself (weekly)
2399,Revisit based on activity (if it is mentioned in lectures or labs),Revisit based on activity (if it is mentioned in lectures or labs),Revisit based on activity (if I see it in quiz),Never,Revisit based on activity (if it is mentioned in lectures or labs),Never,Revisit based on activity (if it is mentioned in lectures or labs),Revisit based on activity (if I see it in quiz)
2690,Revisit by myself (weekly),Revisit based on activity (if it is mentioned in lectures or labs),Revisit based on activity (if it is mentioned in lectures or labs),Revisit by myself (monthly),Revisit based on activity (if I see it in quiz),Revisit based on activity (if I see it in quiz),Revisit based on activity (if it is mentioned in lectures or labs),Revisit based on activity (if it is related to my assessment)
1512,Revisit based on activity (if it is related to my assessment),Revisit by myself (monthly),Revisit based on activity (if it is related to my assessment),Revisit based on activity (if it is related to my assessment),Revisit by myself (monthly),Revisit based on activity (if it is related to my assessment),Revisit based on activity (if it is related to my assessment),Revisit by myself (monthly)
2200,Revisit based on activity (if it is mentioned in lectures or labs),Revisit based on activity (if it is mentioned in lectures or labs),Revisit by myself (monthly),Revisit based on activity (if it is related to my assessment),Revisit based on activity (if I see it in quiz),Revisit based on activity (if it is related to my assessment),Revisit based on activity (if it is mentioned in lectures or labs),Revisit based on activity (if I see it in quiz)
1852,,,,,,,,
1107,Revisit based on activity (if I see it in quiz),Revisit based on activity (if I see it in quiz),Revisit based on activity (if I see it in quiz),Revisit based on activity (if it is mentioned in lectures or labs),Revisit based on activity (if it is mentioned in lectures or labs),Revisit based on activity (if it is mentioned in lectures or labs),Revisit based on activity (if I see it in quiz),Revisit based on activity (if it is mentioned in lectures or labs)
1500,Revisit based on activity (if it is mentioned in lectures or labs),Revisit based on activity (if it is related to my assessment),Revisit based on activity (if it is related to my assessment),Revisit based on activity (if it is related to my assessment),Revisit based on activity (if it is related to my assessment),Revisit based on activity (if it is related to my assessment),Revisit based on activity (if it is related to my assessment),Revisit based on activity (if it is related to my assessment)
1960,Revisit by myself (weekly),Revisit by myself (weekly),Only when notified by course convener,Revisit by myself (weekly),Never,Revisit based on activity (if it is mentioned in lectures or labs),Revisit based on activity (if it is mentioned in lectures or labs),Revisit based on activity (if it is mentioned in lectures or labs)
1719,Revisit based on activity (if it is related to my assessment),Revisit based on activity (if I see it in quiz),Revisit based on activity (if it is related to my assessment),Revisit based on activity (if it is related to my assessment),Revisit based on activity (if it is mentioned in lectures or labs),Revisit based on activity (if it is mentioned in lectures or labs),Revisit based on activity (if it is mentioned in lectures or labs),Revisit based on activity (if it is mentioned in lectures or labs)
2680,Revisit based on activity (if it is related to my assessment),Revisit based on activity (if it is related to my assessment),Revisit based on activity (if it is related to my assessment),Revisit based on activity (if it is related to my assessment),Revisit based on activity (if it is related to my assessment),Revisit based on activity (if it is related to my assessment),Revisit based on activity (if it is related to my assessment),Revisit based on activity (if it is related to my assessment)
2406,,,,,,,,
1483,Only when notified by course convener,Revisit by myself (monthly),Only when notified by course convener,Revisit by myself (weekly),Only when notified by course convener,Revisit based on activity (if it is related to my assessment),Only when notified by course convener,Only when notified by course convener
2375,Revisit by myself (weekly),Revisit based on activity (if it is related to my assessment),Only when notified by course convener,Revisit by myself (weekly),Only when notified by course convener,Revisit by myself (weekly),Revisit based on activity (if it is related to my assessment),Revisit by myself (monthly)
1626,Revisit based on activity (if it is mentioned in lectures or labs),Revisit based on activity (if it is mentioned in lectures or labs),Revisit by myself (monthly),Revisit based on activity (if I see it in quiz),Revisit based on activity (if it is related to my assessment),Revisit based on activity (if I see it in quiz),Revisit based on activity (if it is related to my assessment),Revisit based on activity (if I see it in quiz)
2312,Revisit based on activity (if it is related to my assessment),Only when notified by course convener,Revisit based on activity (if it is related to my assessment),Revisit by myself (weekly),Revisit by myself (monthly),Revisit by myself (monthly),Only when notified by course convener,Revisit by myself (monthly)
2662,Others,Others,,,,,,
2546,Revisit based on activity (if it is related to my assessment),Revisit based on activity (if it is mentioned in lectures or labs),Only when notified by course convener,Revisit by myself (weekly),Revisit based on activity (if it is related to my assessment),Revisit based on activity (if it is related to my assessment),Revisit based on activity (if I see it in quiz),Revisit by myself (weekly)
1235,,,,,,,,
2430,,,,,,,,
1589,Never,Never,Revisit based on activity (if it is mentioned in lectures or labs),Revisit based on activity (if it is related to my assessment),Revisit based on activity (if I see it in quiz),Never,Never,Revisit by myself (monthly)
2068,Revisit based on activity (if it is related to my assessment),Revisit based on activity (if I see it in quiz),Revisit based on activity (if I see it in quiz),Revisit based on activity (if I see it in quiz),Never,Never,Revisit based on activity (if I see it in quiz),Revisit based on activity (if it is related to my assessment)
1927,Revisit by myself (weekly),Revisit based on activity (if I see it in quiz),Revisit by myself (monthly),Revisit by myself (weekly),Revisit based on activity (if I see it in quiz),Revisit based on activity (if I see it in quiz),Revisit based on activity (if I see it in quiz),Revisit based on activity (if I see it in quiz)
2019,Revisit based on activity (if it is related to my assessment),Revisit based on activity (if it is related to my assessment),Revisit based on activity (if I see it in quiz),Revisit by myself (weekly),Revisit based on activity (if it is related to my assessment),Revisit based on activity (if it is mentioned in lectures or labs),Revisit based on activity (if it is related to my assessment),Revisit based on activity (if I see it in quiz)
1520,Revisit by myself (weekly),Revisit based on activity (if it is related to my assessment),Revisit based on activity (if it is related to my assessment),Revisit by myself (weekly),Revisit based on activity (if it is related to my assessment),Revisit by myself (weekly),Revisit based on activity (if I see it in quiz),Revisit by myself (weekly)
2820,Revisit by myself (weekly),Revisit based on activity (if I see it in quiz),Revisit based on activity (if it is mentioned in lectures or labs),Never,Revisit based on activity (if it is related to my assessment),Revisit based on activity (if it is mentioned in lectures or labs),Revisit based on activity (if I see it in quiz),Revisit based on activity (if it is mentioned in lectures or labs)
2088,Revisit based on activity (if it is related to my assessment),Revisit by myself (monthly),Revisit based on activity (if it is related to my assessment),Others,Never,Others,Revisit based on activity (if I see it in quiz),Revisit based on activity (if it is related to my assessment)
1817,Revisit based on activity (if it is related to my assessment),Revisit by myself (weekly),Revisit by myself (weekly),Revisit by myself (weekly),Revisit by myself (monthly),Revisit by myself (weekly),Revisit by myself (monthly),Revisit by myself (weekly)
1779,,,,,,,,
2139,Only when notified by course convener,Revisit by myself (monthly),Revisit based on activity (if it is related to my assessment),Revisit based on activity (if it is mentioned in lectures or labs),Revisit based on activity (if it is related to my assessment),Revisit based on activity (if I see it in quiz),Revisit by myself (monthly),Revisit by myself (monthly)
2153,,,,,,,,
1084,Revisit based on activity (if it is related to my assessment),Revisit by myself (monthly),Never,Revisit by myself (weekly),Only when notified by course convener,Only when notified by course convener,Only when notified by course convener,Revisit by myself (monthly)
1848,Revisit by myself (weekly),Revisit by myself (weekly),Revisit based on activity (if it is mentioned in lectures or labs),Revisit by myself (weekly),Revisit based on activity (if it is mentioned in lectures or labs),Only when notified by course convener,Revisit based on activity (if it is related to my assessment),Only when notified by course convener
2770,Revisit based on activity (if it is related to my assessment),Revisit by myself (weekly),Revisit based on activity (if it is related to my assessment),Others,Others,Others,Revisit based on activity (if it is related to my assessment),Others
1685,Revisit based on activity (if it is mentioned in lectures or labs),Revisit based on activity (if it is mentioned in lectures or labs),Revisit based on activity (if it is mentioned in lectures or labs),Revisit based on activity (if it is mentioned in lectures or labs),Revisit based on activity (if it is mentioned in lectures or labs),Revisit based on activity (if it is mentioned in lectures or labs),Revisit based on activity (if it is mentioned in lectures or labs),Revisit based on activity (if it is mentioned in lectures or labs)
2900,Only when notified by course convener,Revisit based on activity (if it is mentioned in lectures or labs),Others,Never,Only when notified by course convener,Only when notified by course convener,Only when notified by course convener,Revisit based on activity (if it is mentioned in lectures or labs)
1725,Revisit based on activity (if it is mentioned in lectures or labs),Revisit by myself (weekly),Revisit based on activity (if it is mentioned in lectures or labs),Revisit based on activity (if it is mentioned in lectures or labs),Revisit based on activity (if I see it in quiz),Revisit by myself (weekly),Revisit based on activity (if it is mentioned in lectures or labs),Revisit by myself (monthly)
1520,Others,Revisit by myself (monthly),Revisit based on activity (if it is related to my assessment),Never,Never,Never,Revisit based on activity (if it is related to my assessment),Revisit based on activity (if it is related to my assessment)
2206,Revisit by myself (monthly),Revisit based on activity (if I see it in quiz),Revisit by myself (monthly),Revisit based on activity (if I see it in quiz),Revisit based on activity (if it is related to my assessment),Revisit based on activity (if it is mentioned in lectures or labs),Revisit based on activity (if it is mentioned in lectures or labs),Revisit based on activity (if I see it in quiz)
2359,Revisit based on activity (if it is related to my assessment),Revisit based on activity (if it is related to my assessment),Revisit based on activity (if it is related to my assessment),Revisit based on activity (if it is related to my assessment),Revisit based on activity (if it is related to my assessment),Revisit based on activity (if it is related to my assessment),Revisit based on activity (if it is related to my assessment),Revisit based on activity (if it is related to my assessment)
1589,Revisit based on activity (if it is related to my assessment),Never,Revisit by myself (weekly),Revisit based on activity (if it is related to my assessment),Never,Revisit by myself (weekly),Revisit based on activity (if it is related to my assessment),Revisit by myself (monthly)
2281,Only when notified by course convener,Revisit based on activity (if I see it in quiz),Only when notified by course convener,Others,Only when notified by course convener,Revisit by myself (monthly),Revisit based on activity (if it is mentioned in lectures or labs),Revisit based on activity (if I see it in quiz)
2644,Revisit based on activity (if it is related to my assessment),Revisit based on activity (if it is related to my assessment),Revisit based on activity (if it is related to my assessment),Revisit based on activity (if it is related to my assessment),Revisit based on activity (if it is related to my assessment),Revisit based on activity (if it is related to my assessment),Revisit based on activity (if it is related to my assessment),Revisit based on activity (if it is related to my assessment)
2353,Revisit based on activity (if it is related to my assessment),Revisit based on activity (if I see it in quiz),Revisit based on activity (if it is related to my assessment),Revisit based on activity (if it is related to my assessment),Revisit based on activity (if it is related to my assessment),Revisit based on activity (if I see it in quiz),Revisit based on activity (if I see it in quiz),Revisit based on activity (if it is related to my assessment)
2053,Revisit based on activity (if it is related to my assessment),Revisit based on activity (if it is related to my assessment),Revisit based on activity (if it is related to my assessment),Revisit based on activity (if it is related to my assessment),Revisit based on activity (if it is related to my assessment),Revisit based on activity (if it is related to my assessment),Revisit based on activity (if it is related to my assessment),Revisit based on activity (if it is related to my assessment)
899,Revisit based on activity (if it is related to my assessment),Revisit based on activity (if it is related to my assessment),Revisit based on activity (if it is related to my assessment),Revisit based on activity (if it is related to my assessment),Revisit based on activity (if it is related to my assessment),Revisit based on activity (if it is related to my assessment),Revisit based on activity (if it is related to my assessment),Revisit based on activity (if it is related to my assessment)
1683,Revisit by myself (weekly),Revisit based on activity (if I see it in quiz),Revisit based on activity (if I see it in quiz),Revisit based on activity (if it is related to my assessment),Revisit based on activity (if it is related to my assessment),Revisit based on activity (if it is related to my assessment),Revisit based on activity (if I see it in quiz),Revisit based on activity (if I see it in quiz)
2458,Revisit by myself (weekly),Revisit by myself (weekly),Revisit by myself (weekly),Revisit based on activity (if it is related to my assessment),Revisit by myself (weekly),Revisit by myself (weekly),Revisit by myself (monthly),Revisit by myself (weekly)
2300,Never,Never,Never,Never,Never,Never,Never,Never
1284,Revisit by myself (monthly),Revisit by myself (weekly),Revisit by myself (monthly),Revisit by myself (monthly),Revisit based on activity (if it is related to my assessment),Revisit based on activity (if it is mentioned in lectures or labs),Revisit by myself (monthly),Revisit based on activity (if it is mentioned in lectures or labs)
2381,,,,,,,,
1638,Revisit based on activity (if I see it in quiz),Revisit by myself (weekly),Revisit by myself (monthly),Revisit by myself (weekly),Revisit based on activity (if it is mentioned in lectures or labs),Revisit based on activity (if it is mentioned in lectures or labs),Revisit by myself (weekly),Revisit based on activity (if I see it in quiz)
1542,Revisit based on activity (if it is related to my assessment),Revisit based on activity (if it is related to my assessment),Revisit based on activity (if it is related to my assessment),Revisit based on activity (if it is related to my assessment),Revisit based on activity (if it is related to my assessment),Revisit based on activity (if it is related to my assessment),Revisit based on activity (if it is related to my assessment),Revisit based on activity (if it is related to my assessment)
2589,,,,,,,,
1909,Revisit based on activity (if it is related to my assessment),Never,Revisit based on activity (if it is related to my assessment),Never,Revisit based on activity (if it is related to my assessment),Never,Revisit based on activity (if it is related to my assessment),Never
1536,,,,,,,,
2043,,,,,,,,
1325,,,,,,,,
1461,Revisit by myself (weekly),Revisit based on activity (if it is mentioned in lectures or labs),Revisit based on activity (if it is mentioned in lectures or labs),Never,Revisit based on activity (if it is related to my assessment),Never,Revisit based on activity (if it is related to my assessment),Revisit based on activity (if it is mentioned in lectures or labs)
1225,Revisit based on activity (if it is related to my assessment),Revisit by myself (weekly),Revisit based on activity (if I see it in quiz),Revisit based on activity (if it is related to my assessment),Revisit by myself (monthly),Never,Revisit based on activity (if it is related to my assessment),Revisit based on activity (if it is related to my assessment)
1807,Revisit based on activity (if it is related to my assessment),Revisit based on activity (if it is mentioned in lectures or labs),Revisit by myself (weekly),Revisit by myself (monthly),Revisit based on activity (if it is related to my assessment),Revisit by myself (monthly),Never,Revisit based on activity (if it is mentioned in lectures or labs)
2086,Revisit based on activity (if it is related to my assessment),Revisit by myself (weekly),Revisit based on activity (if it is related to my assessment),Others,Revisit based on activity (if it is related to my assessment),Revisit based on activity (if it is mentioned in lectures or labs),Revisit based on activity (if I see it in quiz),Revisit based on activity (if it is related to my assessment)
2330,,,,,,,,
2477,Revisit based on activity (if I see it in quiz),Others,,,,,,
1555,Revisit based on activity (if it is related to my assessment),Revisit based on activity (if it is mentioned in lectures or labs),Revisit based on activity (if it is related to my assessment),Revisit by myself (weekly),Revisit based on activity (if it is related to my assessment),Revisit based on activity (if it is related to my assessment),Revisit based on activity (if it is related to my assessment),Revisit based on activity (if it is related to my assessment)
1995,Revisit by myself (weekly),Revisit based on activity (if I see it in quiz),Revisit based on activity (if it is mentioned in lectures or labs),Revisit based on activity (if it is related to my assessment),Revisit by myself (monthly),Revisit based on activity (if I see it in quiz),Revisit based on activity (if I see it in quiz),Revisit by myself (weekly)
2375,Revisit based on activity (if it is related to my assessment),Revisit based on activity (if it is related to my assessment),Revisit based on activity (if it is related to my assessment),Revisit based on activity (if it is related to my assessment),Revisit based on activity (if it is related to my assessment),Revisit based on activity (if it is related to my assessment),Revisit based on activity (if it is related to my assessment),Revisit based on activity (if it is related to my assessment)
1581,Revisit by myself (weekly),Revisit based on activity (if it is mentioned in lectures or labs),Revisit based on activity (if it is mentioned in lectures or labs),Revisit by myself (weekly),Revisit by myself (weekly),Revisit based on activity (if it is mentioned in lectures or labs),Revisit based on activity (if it is mentioned in lectures or labs),Revisit by myself (weekly)
2249,Revisit by myself (weekly),Revisit by myself (weekly),Revisit by myself (weekly),Revisit by myself (weekly),Revisit by myself (weekly),Revisit by myself (weekly),Revisit by myself (weekly),Revisit by myself (weekly)
2406,,,,,,,,
2774,Revisit based on activity (if it is related to my assessment),Never,Revisit based on activity (if it is related to my assessment),Never,Never,Never,Revisit based on activity (if it is related to my assessment),Never
2904,Revisit by myself (weekly),Never,Revisit by myself (monthly),Revisit based on activity (if it is related to my assessment),Revisit by myself (monthly),Revisit by myself (weekly),Revisit by myself (monthly),Never
2145,Revisit based on activity (if it is related to my assessment),Only when notified by course convener,Never,Revisit based on activity (if it is related to my assessment),Revisit based on activity (if I see it in quiz),Revisit by myself (weekly),Revisit by myself (monthly),Revisit based on activity (if it is related to my assessment)
1787,Only when notified by course convener,Revisit by myself (monthly),Revisit based on activity (if it is mentioned in lectures or labs),Revisit by myself (monthly),Revisit by myself (weekly),Never,Revisit based on activity (if it is related to my assessment),Revisit based on activity (if it is related to my assessment)
2037,Revisit based on activity (if it is related to my assessment),Revisit based on activity (if it is related to my assessment),Revisit based on activity (if it is related to my assessment),Revisit by myself (weekly),Revisit based on activity (if it is related to my assessment),Revisit based on activity (if it is related to my assessment),Revisit based on activity (if it is mentioned in lectures or labs),Revisit based on activity (if it is related to my assessment)
1830,Revisit by myself (monthly),Revisit by myself (monthly),Revisit by myself (monthly),Revisit by myself (monthly),Revisit based on activity (if it is mentioned in lectures or labs),Revisit by myself (monthly),Revisit by myself (monthly),Revisit by myself (monthly)
2385,Revisit based on activity (if it is mentioned in lectures or labs),Revisit based on activity (if it is related to my assessment),Revisit based on activity (if it is mentioned in lectures or labs),Revisit based on activity (if it is mentioned in lectures or labs),Revisit based on activity (if it is mentioned in lectures or labs),Revisit based on activity (if it is mentioned in lectures or labs),Revisit based on activity (if it is mentioned in lectures or labs),Revisit based on activity (if it is mentioned in lectures or labs)
2037,Revisit based on activity (if it is related to my assessment),Revisit based on activity (if I see it in quiz),Revisit based on activity (if it is related to my assessment),Revisit based on activity (if it is mentioned in lectures or labs),Revisit by myself (weekly),Revisit based on activity (if I see it in quiz),Revisit based on activity (if I see it in quiz),Revisit by myself (weekly)
2084,Revisit based on activity (if it is related to my assessment),Revisit based on activity (if it is mentioned in lectures or labs),Revisit based on activity (if it is mentioned in lectures or labs),Revisit based on activity (if it is mentioned in lectures or labs),Only when notified by course convener,Revisit based on activity (if it is mentioned in lectures or labs),Only when notified by course convener,Only when notified by course convener
2200,Revisit based on activity (if it is related to my assessment),Revisit by myself (weekly),Revisit based on activity (if it is mentioned in lectures or labs),Revisit by myself (weekly),Only when notified by course convener,Revisit by myself (weekly),Revisit by myself (weekly),Only when notified by course convener
2206,,,,,,,,
1372,Revisit by myself (weekly),Never,Revisit based on activity (if it is related to my assessment),Revisit based on activity (if it is mentioned in lectures or labs),Never,Never,Never,Revisit based on activity (if I see it in quiz)
1933,Revisit based on activity (if it is related to my assessment),Revisit based on activity (if it is related to my assessment),Revisit based on activity (if it is related to my assessment),Revisit by myself (monthly),Revisit based on activity (if it is mentioned in lectures or labs),Revisit by myself (monthly),Revisit based on activity (if it is related to my assessment),Revisit based on activity (if it is related to my assessment)
1205,,,,,,,,
2017,Revisit based on activity (if it is related to my assessment),Revisit based on activity (if it is related to my assessment),Revisit based on activity (if it is related to my assessment),Others,Revisit based on activity (if it is related to my assessment),Revisit based on activity (if it is related to my assessment),Revisit based on activity (if I see it in quiz),Revisit based on activity (if it is related to my assessment)
2167,Revisit based on activity (if it is mentioned in lectures or labs),Only when notified by course convener,Revisit by myself (monthly),Revisit based on activity (if it is related to my assessment),Revisit based on activity (if it is related to my assessment),Revisit based on activity (if it is related to my assessment),Revisit based on activity (if I see it in quiz),Revisit based on activity (if it is related to my assessment)
1640,Revisit based on activity (if it is related to my assessment),Revisit by myself (weekly),,Revisit based on activity (if it is related to my assessment),,,Revisit based on activity (if it is related to my assessment),
1787,Revisit based on activity (if it is related to my assessment),Revisit based on activity (if it is mentioned in lectures or labs),Revisit based on activity (if it is related to my assessment),Revisit based on activity (if I see it in quiz),Never,Revisit based on activity (if it is related to my assessment),Revisit based on activity (if it is related to my assessment),Revisit based on activity (if it is related to my assessment)
2556,Revisit by myself (weekly),Revisit by myself (weekly),Revisit by myself (weekly),Revisit by myself (weekly),Revisit by myself (weekly),Never,Revisit by myself (weekly),Revisit by myself (weekly)
1620,Revisit by myself (monthly),Revisit based on activity (if I see it in quiz),Revisit by myself (monthly),Revisit by myself (monthly),Revisit by myself (monthly),,Revisit by myself (weekly),Revisit by myself (monthly)
2031,Revisit based on activity (if it is related to my assessment),Revisit based on activity (if it is mentioned in lectures or labs),Revisit by myself (weekly),Revisit based on activity (if I see it in quiz),Revisit based on activity (if it is related to my assessment),Revisit based on activity (if I see it in quiz),Revisit based on activity (if it is related to my assessment),Revisit by myself (monthly)
1848,Revisit based on activity (if it is related to my assessment),Revisit based on activity (if I see it in quiz),Revisit based on activity (if it is mentioned in lectures or labs),Revisit based on activity (if it is related to my assessment),Revisit based on activity (if it is related to my assessment),Revisit based on activity (if it is mentioned in lectures or labs),Revisit based on activity (if it is related to my assessment),Revisit based on activity (if it is related to my assessment)
2064,Revisit by myself (monthly),Revisit by myself (monthly),Revisit by myself (monthly),Revisit by myself (monthly),Revisit by myself (monthly),Revisit by myself (monthly),Revisit by myself (monthly),Revisit by myself (monthly)
1131,Only when notified by course convener,Only when notified by course convener,Only when notified by course convener,Only when notified by course convener,Only when notified by course convener,Only when notified by course convener,Only when notified by course convener,Only when notified by course convener
2271,Revisit by myself (weekly),Only when notified by course convener,Only when notified by course convener,Revisit by myself (weekly),Only when notified by course convener,Revisit based on activity (if it is mentioned in lectures or labs),Only when notified by course convener,Only when notified by course convener
1895,,,,,,,,
2717,Revisit based on activity (if it is mentioned in lectures or labs),Revisit based on activity (if it is mentioned in lectures or labs),Revisit based on activity (if it is mentioned in lectures or labs),Revisit based on activity (if it is mentioned in lectures or labs),Revisit based on activity (if it is mentioned in lectures or labs),Revisit based on activity (if it is mentioned in lectures or labs),Revisit based on activity (if it is mentioned in lectures or labs),Revisit based on activity (if it is mentioned in lectures or labs)
1803,Revisit by myself (monthly),Revisit by myself (monthly),Revisit by myself (monthly),Revisit by myself (monthly),Revisit by myself (monthly),Revisit by myself (monthly),Revisit by myself (monthly),Revisit by myself (monthly)
2493,Revisit based on activity (if it is related to my assessment),Revisit based on activity (if it is related to my assessment),Revisit based on activity (if it is related to my assessment),Revisit based on activity (if it is related to my assessment),Revisit based on activity (if it is related to my assessment),Revisit based on activity (if it is related to my assessment),Revisit based on activity (if it is related to my assessment),Revisit based on activity (if it is related to my assessment)
1744,Never,Revisit based on activity (if it is related to my assessment),Revisit based on activity (if it is mentioned in lectures or labs),Never,Never,Never,Never,Revisit by myself (weekly)
1563,Revisit by myself (weekly),,,,,,,
1610,Revisit based on activity (if it is related to my assessment),Revisit based on activity (if it is related to my assessment),Revisit based on activity (if I see it in quiz),Revisit based on activity (if it is related to my assessment),Revisit based on activity (if it is related to my assessment),Revisit based on activity (if it is related to my assessment),Revisit based on activity (if it is mentioned in lectures or labs),Revisit based on activity (if it is related to my assessment)
2216,Revisit by myself (weekly),Revisit by myself (weekly),Revisit by myself (weekly),Revisit by myself (weekly),Revisit by myself (weekly),Revisit by myself (weekly),Revisit by myself (weekly),Revisit by myself (weekly)
1712,Revisit based on activity (if it is mentioned in lectures or labs),Revisit based on activity (if it is related to my assessment),Revisit by myself (weekly),Revisit by myself (monthly),Never,Revisit based on activity (if it is related to my assessment),Revisit by myself (monthly),Revisit by myself (monthly)
1864,Revisit based on activity (if it is related to my assessment),Revisit based on activity (if it is related to my assessment),Revisit based on activity (if it is related to my assessment),Revisit based on activity (if it is related to my assessment),Revisit based on activity (if it is related to my assessment),Revisit based on activity (if it is related to my assessment),Revisit based on activity (if it is related to my assessment),Revisit based on activity (if it is related to my assessment)
1846,Revisit based on activity (if it is related to my assessment),Revisit based on activity (if it is related to my assessment),Revisit based on activity (if it is related to my assessment),Revisit based on activity (if it is related to my assessment),Revisit based on activity (if it is related to my assessment),Revisit based on activity (if it is related to my assessment),Revisit based on activity (if it is related to my assessment),Revisit based on activity (if it is related to my assessment)
1587,Revisit by myself (weekly),Revisit by myself (weekly),Revisit by myself (monthly),Revisit based on activity (if it is related to my assessment),Revisit by myself (weekly),Revisit by myself (weekly),Revisit by myself (weekly),Revisit by myself (weekly)
1381,Revisit based on activity (if it is related to my assessment),Revisit based on activity (if I see it in quiz),Revisit based on activity (if I see it in quiz),Revisit based on activity (if it is related to my assessment),Revisit based on activity (if I see it in quiz),Revisit based on activity (if I see it in quiz),Revisit based on activity (if it is related to my assessment),Revisit based on activity (if it is related to my assessment)
1740,Revisit by myself (weekly),Revisit by myself (weekly),Revisit by myself (weekly),Revisit by myself (weekly),Revisit by myself (weekly),Revisit by myself (weekly),Revisit by myself (weekly),Revisit by myself (weekly)
2119,Revisit based on activity (if it is related to my assessment),Revisit based on activity (if it is related to my assessment),Revisit based on activity (if it is related to my assessment),Revisit by myself (weekly),Revisit based on activity (if it is related to my assessment),Revisit by myself (monthly),Revisit based on activity (if it is related to my assessment),Revisit based on activity (if it is related to my assessment)
1326,Revisit based on activity (if it is related to my assessment),Revisit based on activity (if it is mentioned in lectures or labs),Revisit based on activity (if it is related to my assessment),Revisit by myself (monthly),Revisit based on activity (if it is related to my assessment),Revisit based on activity (if it is related to my assessment),Only when notified by course convener,Revisit based on activity (if it is related to my assessment)
1520,Revisit by myself (monthly),Only when notified by course convener,Only when notified by course convener,Revisit based on activity (if it is related to my assessment),Revisit by myself (monthly),Revisit by myself (monthly),Revisit by myself (monthly),Revisit by myself (monthly)
2636,Revisit based on activity (if it is mentioned in lectures or labs),Revisit by myself (weekly),Revisit based on activity (if it is related to my assessment),Revisit based on activity (if it is mentioned in lectures or labs),Revisit based on activity (if it is related to my assessment),Revisit based on activity (if it is related to my assessment),Revisit based on activity (if it is mentioned in lectures or labs),Revisit by myself (weekly)
1447,Never,Revisit by myself (weekly),Revisit based on activity (if it is mentioned in lectures or labs),Revisit by myself (weekly),Only when notified by course convener,Revisit by myself (monthly),Revisit based on activity (if it is mentioned in lectures or labs),Revisit based on activity (if it is related to my assessment)
1394,Revisit by myself (weekly),Revisit by myself (weekly),Revisit by myself (weekly),Revisit by myself (weekly),Revisit based on activity (if I see it in quiz),Revisit based on activity (if I see it in quiz),Revisit by myself (weekly),Revisit by myself (weekly)
1779,Revisit by myself (weekly),Revisit based on activity (if I see it in quiz),Revisit by myself (weekly),Revisit by myself (weekly),Revisit based on activity (if I see it in quiz),Never,Revisit by myself (monthly),Revisit based on activity (if I see it in quiz)
1168,Revisit based on activity (if it is related to my assessment),Revisit by myself (weekly),Revisit by myself (weekly),Never,Revisit by myself (monthly),Revisit by myself (monthly),Revisit based on activity (if it is related to my assessment),Revisit based on activity (if it is related to my assessment)
2145,Revisit based on activity (if I see it in quiz),Revisit by myself (weekly),Revisit based on activity (if it is mentioned in lectures or labs),Revisit based on activity (if I see it in quiz),Revisit based on activity (if it is related to my assessment),Revisit by myself (weekly),Revisit by myself (weekly),Revisit by myself (monthly)
2389,Revisit based on activity (if it is mentioned in lectures or labs),Revisit by myself (weekly),Revisit by myself (monthly),Revisit by myself (weekly),Revisit based on activity (if it is mentioned in lectures or labs),Revisit based on activity (if it is related to my assessment),Revisit based on activity (if I see it in quiz),Only when notified by course convener
1194,Revisit by myself (monthly),Revisit based on activity (if it is related to my assessment),Others,Revisit by myself (weekly),Revisit based on activity (if I see it in quiz),Revisit based on activity (if I see it in quiz),Others,Revisit based on activity (if it is related to my assessment)
2184,Revisit based on activity (if I see it in quiz),Never,Revisit based on activity (if I see it in quiz),Never,Revisit based on activity (if I see it in quiz),Revisit based on activity (if I see it in quiz),Revisit based on activity (if I see it in quiz),Revisit by myself (weekly)
1604,Revisit based on activity (if it is related to my assessment),Revisit based on activity (if it is mentioned in lectures or labs),Revisit based on activity (if it is mentioned in lectures or labs),Revisit based on activity (if I see it in quiz),Revisit based on activity (if it is mentioned in lectures or labs),Revisit based on activity (if it is related to my assessment),Revisit based on activity (if it is related to my assessment),Revisit based on activity (if it is related to my assessment)
1433,Revisit based on activity (if it is related to my assessment),Revisit based on activity (if it is related to my assessment),Revisit based on activity (if I see it in quiz),Never,Revisit based on activity (if it is related to my assessment),Revisit based on activity (if it is related to my assessment),Only when notified by course convener,Never
1573,Revisit based on activity (if it is related to my assessment),,Revisit based on activity (if it is mentioned in lectures or labs),Revisit by myself (weekly),,,,
2173,Revisit by myself (weekly),Revisit by myself (weekly),Revisit based on activity (if it is mentioned in lectures or labs),Revisit by myself (weekly),Others,Others,Revisit based on activity (if it is mentioned in lectures or labs),Revisit based on activity (if it is related to my assessment)
1813,Revisit by myself (monthly),Revisit based on activity (if I see it in quiz),Revisit based on activity (if I see it in quiz),Revisit by myself (weekly),Revisit by myself (monthly),Revisit based on activity (if it is mentioned in lectures or labs),Revisit based on activity (if it is mentioned in lectures or labs),Revisit based on activity (if it is related to my assessment)
2597,Revisit based on activity (if it is related to my assessment),Revisit based on activity (if it is mentioned in lectures or labs),Revisit based on activity (if it is related to my assessment),Revisit based on activity (if I see it in quiz),Never,Never,Revisit based on activity (if it is mentioned in lectures or labs),Revisit based on activity (if it is related to my assessment)
1711,Revisit based on activity (if it is mentioned in lectures or labs),Revisit based on activity (if it is related to my assessment),Revisit based on activity (if it is mentioned in lectures or labs),Revisit by myself (monthly),Revisit by myself (weekly),Revisit by myself (weekly),Revisit based on activity (if it is related to my assessment),Revisit based on activity (if it is related to my assessment)
2226,Revisit based on activity (if it is mentioned in lectures or labs),Revisit by myself (weekly),Revisit based on activity (if it is mentioned in lectures or labs),Revisit by myself (weekly),Revisit by myself (monthly),Revisit based on activity (if it is mentioned in lectures or labs),Revisit based on activity (if it is mentioned in lectures or labs),Only when notified by course convener
1683,Revisit based on activity (if it is related to my assessment),Revisit based on activity (if it is mentioned in lectures or labs),Revisit based on activity (if it is related to my assessment),Never,Revisit based on activity (if I see it in quiz),Revisit based on activity (if I see it in quiz),Only when notified by course convener,Revisit based on activity (if it is related to my assessment)
1492,,,,,,,,
2585,Revisit by myself (monthly),Revisit by myself (monthly),,,,,Revisit by myself (monthly),
1996,,,,,,,,
2200,Revisit by myself (weekly),Revisit based on activity (if I see it in quiz),Revisit based on activity (if I see it in quiz),Revisit based on activity (if I see it in quiz),Revisit based on activity (if I see it in quiz),Revisit by myself (weekly),Revisit based on activity (if it is mentioned in lectures or labs),Revisit based on activity (if I see it in quiz)
1880,Revisit based on activity (if it is mentioned in lectures or labs),Revisit based on activity (if I see it in quiz),Revisit based on activity (if it is mentioned in lectures or labs),Revisit by myself (weekly),Never,Never,Only when notified by course convener,Revisit based on activity (if I see it in quiz)
1832,Revisit based on activity (if it is mentioned in lectures or labs),Revisit based on activity (if it is mentioned in lectures or labs),Revisit based on activity (if it is mentioned in lectures or labs),Revisit based on activity (if it is mentioned in lectures or labs),Revisit based on activity (if it is mentioned in lectures or labs),Revisit based on activity (if it is mentioned in lectures or labs),Revisit based on activity (if it is mentioned in lectures or labs),Revisit based on activity (if it is mentioned in lectures or labs)
2304,Revisit by myself (monthly),Revisit based on activity (if I see it in quiz),Never,Revisit based on activity (if it is related to my assessment),Revisit based on activity (if it is related to my assessment),Revisit based on activity (if it is related to my assessment),Never,Never
